File_Name,Deformation,C11,C22,C33,C12,C13,C23,C44,C55,C66,C14,C15,C16,C24,C25,C26,C34,C35,C36,C45,C46,C56,Bulk_Modulus,Shear_Modulus,Young_Modulus,Poisson_Ratio
B0_10,1e-06,255.869604870174,255.208480223605,255.000098302309,160.758984477051,159.90155545367,160.17839660461,140.08864455045,139.830063371849,140.698048782349,-0.296479221753498,-1.60646924839593,-0.62362705861535,0.128063649642963,-0.573264025999375,-0.428792806745735,0.462659334291615,-1.28490777489228,-0.552804546362396,-0.5741598282249,-0.621717100626285,-0.28335479959905,191.972895162972,103.139301131647,262.421701387813,0.272171221389496
B0_10,2e-06,255.869624752099,255.208396199946,255.000256338939,160.758990262099,159.901590524708,160.178402217705,140.088645886675,139.830084578574,140.698044768201,-0.29647868021288,-1.60648545294372,-0.62363037682378,0.128051785950542,-0.573262329412157,-0.428791672581768,0.46265854179932,-1.28490651339404,-0.552804976526982,-0.574160867137149,-0.621714378325679,-0.283353769611947,191.972915922223,103.139307999121,262.4217205172,0.272171229418356
B0_10,4e-06,255.869649989695,255.208323093913,255.000381444995,160.758984334243,159.901603386555,160.178404541022,140.088634982112,139.8301007699,140.698042883899,-0.296476952689486,-1.60649365142563,-0.623636419182455,0.128017250937714,-0.573261388611285,-0.428788620802945,0.462650774170848,-1.28488548453358,-0.552806769772449,-0.574160576118568,-0.621713602037135,-0.283353595118288,191.97292656136,103.139313211634,262.421733974183,0.272171230361567
B0_10,6e-06,255.869706802843,255.208300225478,255.000444673084,160.759017220453,159.901641569496,160.178430314528,140.088630875484,139.830116864051,140.698045686834,-0.296477676901354,-1.60649334952895,-0.623639599465619,0.128008234650778,-0.573263514674462,-0.428785674288325,0.462653768741785,-1.28486928223477,-0.55280467148332,-0.574162914724974,-0.621714527358467,-0.283353171679106,191.972958878929,103.139316191736,262.421747114819,0.272171257306851
B0_10,8e-06,255.869717774145,255.208264061736,255.000483773884,160.759022493394,159.901651706288,160.178428540579,140.088631170813,139.830129603732,140.698050969943,-0.29648056418728,-1.60649201486354,-0.623642608794694,0.127996188654772,-0.573264491207771,-0.428785287705775,0.4626473083419,-1.28485691467557,-0.552804053236118,-0.574163293293674,-0.621715168165871,-0.283353774928053,191.972963454476,103.139319873531,262.421756009731,0.272171255014632
B0_11,1e-06,254.245813297353,254.901618033213,254.560287633248,161.268584399067,158.757492017322,160.310006716417,140.114011415494,138.577276417493,141.07348270837,0.199528100951715,-1.14175785335448,0.653048272379924,0.100137195019309,-0.218935419207834,0.635314341365712,-0.515417374783963,-0.851097484777108,0.111189922363208,0.0985776952518326,-0.330480406847398,-0.0134137839262737,191.597765025492,102.844396497005,261.707415088148,0.27234649627104
B0_11,2e-06,254.2458161898,254.901597036267,254.560272329227,161.268558171297,158.757470876017,160.309984971932,140.114010528254,138.577281671752,141.073482003545,0.199529394874225,-1.14175703121935,0.653041243088098,0.10013198301749,-0.218931679868269,0.63531167990325,-0.51540844312338,-0.851098353239725,0.111192668357371,0.0985830605003425,-0.330480168880598,-0.0134128722772083,191.597745954865,102.84439960978,261.707417853607,0.272346471206001
B0_11,4e-06,254.245834555207,254.901572622328,254.56024902936,161.268538395666,158.757459910977,160.309966495403,140.114010908124,138.57728400975,141.073480156886,0.199525479692142,-1.14175812748511,0.653029460294009,0.100127925123497,-0.218928554588885,0.6353064795098,-0.515407415007719,-0.851093905611519,0.111195148578447,0.0985870794991686,-0.330472458930541,-0.0134145674216768,191.597731756777,102.844401108609,261.707418145482,0.272346454082152
B0_11,6e-06,254.245843061454,254.901576321353,254.560195790441,161.268551710142,158.757480274318,160.309974379441,140.114004078749,138.577290011416,141.073473614124,0.199520987068728,-1.14175710323419,0.653019163139396,0.100125256624423,-0.218925831821044,0.635304546102588,-0.515404449147992,-0.85109145805819,0.11119674570608,0.0985859880415775,-0.330468908029028,-0.0134187778257613,191.59773643345,102.844394128148,261.707404047741,0.27234647190222
B0_11,8e-06,254.245885334841,254.901555251909,254.560161374311,161.268541150676,158.757482832387,160.309963900976,140.113994969876,138.57729414125,141.073461933166,0.199517320081515,-1.14176802233113,0.653014155687275,0.100117335048977,-0.218922628236677,0.635306499841829,-0.515410362304219,-0.851089473238536,0.111199845038474,0.0985860073747329,-0.330466673496786,-0.0134221251125943,191.597730858793,102.844391147327,261.707396458025,0.272346471880624
B0_12,1e-06,255.06647234243,255.782684167493,256.238626952266,159.832546445072,159.917779391848,161.818910532157,141.532978266054,139.655749318348,139.5627429207,-0.073417878108063,-0.646904979715492,0.199381773977825,0.463222460470632,-0.174445682970445,0.161143735674462,-0.114945084333575,-0.25384288834066,0.10044620842829,0.120669432550363,-0.215119098675125,0.0629434154490131,192.247361800038,103.184863907228,262.576973830234,0.272361875024196
B0_12,2e-06,255.066481279479,255.782712420697,256.23862201228,159.832548537765,159.917768652051,161.818910859274,141.532977763924,139.655738469925,139.56274253305,-0.0734171502968725,-0.646904542044501,0.199383079541217,0.463225676381573,-0.174445632729082,0.16114854650896,-0.114939227671673,-0.25384658183878,0.100446717853142,0.120669358388171,-0.215118811836845,0.0629442177373817,192.247363534515,103.184864264271,262.576974960442,0.272361876098151
B0_12,4e-06,255.066437724598,255.782723872648,256.23858673365,159.83251034549,159.917716097804,161.81887232333,141.532982555262,139.65573048415,139.562747427137,-0.0734158784089562,-0.646908591188954,0.199392051507098,0.463233407348602,-0.174447285136814,0.161157190738087,-0.114932922383747,-0.253851931661629,0.10044707184014,0.12067193595655,-0.21511888991288,0.06294647526257,192.247327318238,103.184868730928,262.576977095115,0.272361831364192
B0_12,6e-06,255.066400067217,255.782698245079,256.238584224858,159.832468194196,159.917677671692,161.818836188628,141.532989669409,139.655738109508,139.562753613308,-0.073412622067409,-0.646906516006282,0.199406157996525,0.463241390738309,-0.174447776249076,0.161165519113721,-0.11492672618831,-0.253851756073599,0.10044935563625,0.120672992995925,-0.215121049458489,0.0629470462625887,192.247294071798,103.184876310621,262.576986564972,0.272361783787614
B0_12,8e-06,255.066435192285,255.782695390609,256.238626728806,159.83246750214,159.917681659858,161.818837613496,141.533001616494,139.655749758018,139.562761078012,-0.0734099525581253,-0.646904562897965,0.1994187488386,0.463249272260392,-0.174447550573187,0.161168087220866,-0.11492015392295,-0.253853204079972,0.100452402352442,0.120673528621751,-0.215122334331321,0.0629484899437039,192.247303429187,103.184887192918,262.577011994406,0.272361772821845
B0_1,1e-06,253.338405592653,257.823973933564,254.709344684111,161.695532596978,158.50808992722,160.198780684142,140.19376610232,138.49241198505,141.666406267853,-0.266738870104039,-1.58177876273792,0.759514971256384,1.01108666909647,-0.50391105585319,1.07318096395172,-0.361580406782501,0.528195899092897,0.0342278714916765,-0.00904467698995015,-0.537482732227452,-0.270610638324343,191.852947847445,103.101804937844,262.315882392963,0.272120708997786
B0_1,2e-06,253.338411283184,257.8239481461,254.709378774702,161.695568311697,158.508121951062,160.19882199312,140.19376742196,138.492401351675,141.6664004275,-0.266737678162626,-1.58179073382026,0.759512073804069,1.01107748393523,-0.503913527426449,1.07317739121765,-0.361582874774392,0.528189925772325,0.0342284357853875,-0.00904346701307251,-0.537484763743737,-0.270610438874287,191.852973635083,103.101795570101,262.315867536483,0.272120752533982
B0_1,4e-06,253.3384317428,257.823951988064,254.709466586201,161.695635299484,158.508193862473,160.198902228484,140.193773205988,138.492399943351,141.666393415462,-0.266737556923826,-1.58180454314466,0.759508500257664,1.01107489956362,-0.503915743270028,1.07317035446381,-0.361581527003503,0.528180337528739,0.0342253516216583,-0.00904525465548278,-0.537489759528718,-0.27060898000002,191.853034788661,103.101787908068,262.315863706509,0.272120828498172
B0_1,6e-06,253.338472522859,257.823941372262,254.709530672523,161.695680597555,158.508251420293,160.198953624815,140.193776916553,138.492409168858,141.66638908845,-0.266737307438252,-1.58181850899199,0.759512819384742,1.01107763035838,-0.503917918595007,1.07317036162772,-0.361579867881577,0.52817358599734,0.0342244096598998,-0.0090476931615245,-0.537491734367872,-0.270608818012855,191.853079539219,103.101785629771,262.315868085967,0.272120877847447
B0_1,8e-06,253.338428391831,257.82393742391,254.709563280524,161.695698599124,158.508282538387,160.198980991824,140.193779326062,138.4924163112,141.666379132006,-0.266737029336377,-1.58183755902406,0.759507465258193,1.01107728480547,-0.503918642383892,1.07316668340872,-0.361582826008335,0.528169802086109,0.0342231253837117,-0.00905108639471804,-0.537491816733005,-0.270609370950225,191.853094817215,103.101779418315,262.315857856849,0.272120904880575
B0_2,1e-06,257.103365767136,255.597509642194,254.341601368694,161.890025214299,159.367395745839,159.307669871426,139.243917567899,139.2907171925,141.829943941753,-0.510485875729286,1.58679246225124,-0.184117881052332,-0.695586298272237,1.05961938744519,0.103679302559577,-0.945020673019757,1.60808499237433,0.099340548728644,0.149039117948747,1.18189859222469,-0.437408212999912,192.019184271239,103.171408136861,262.500595418471,0.27215766537883
B0_2,2e-06,257.103340261161,255.597384077842,254.34155589104,161.88998975184,159.367357917509,159.307632366786,139.243915873451,139.290712695998,141.829944988851,-0.510486568553286,1.58678444876288,-0.184125338321684,-0.695587801503505,1.05961740362608,0.103692586942806,-0.945023632540134,1.60807610462203,0.0993412910676227,0.149040143350021,1.18189738463741,-0.437407848949079,192.019137811368,103.171401391254,262.50057121516,0.272157631259104
B0_2,4e-06,257.103280517357,255.597162623166,254.341521312748,161.88994108113,159.367320124171,159.307588758436,139.243909157701,139.290719674751,141.829947586088,-0.510487725676864,1.58678164218083,-0.184136083830109,-0.695591714540249,1.05961577967515,0.103717368546151,-0.945020501256654,1.60807622968365,0.0993407435292638,0.149040443699988,1.18189411173759,-0.437407878549579,192.019073820083,103.17138958301,262.500532447078,0.272157588979039
B0_2,6e-06,257.103205398087,255.597035937481,254.34150496884,161.889896169541,159.367282315607,159.307548162867,139.243906995059,139.290719975084,141.829937053151,-0.510487228971588,1.58677259026864,-0.184142211357769,-0.695587114800937,1.05961423984731,0.10373629400664,-0.945010907169695,1.60807460491433,0.0993398780934373,0.149038847670605,1.18189330684567,-0.437410455141674,192.019022177826,103.171380781752,262.500502731867,0.272157553494215
B0_2,8e-06,257.103194780523,255.597020365209,254.341560259945,161.88991101447,159.367303736033,159.307573849893,139.243908587382,139.290718063938,141.82992530745,-0.510487500295147,1.5867674762447,-0.184142665528923,-0.695584454581214,1.05960976267406,0.103752144976158,-0.945001575308174,1.60807555285768,0.0993391409387429,0.149036347122334,1.18189195506879,-0.43741148962191,192.019039178497,103.171376178773,262.500496329512,0.272157579223609
B0_3,1e-06,252.2454195622,258.046000838976,253.883497146459,160.545336083931,159.03432538775,161.014152257096,140.9579148347,138.931773984006,140.464937694651,-0.184713100609925,-0.897065729909405,0.178230119608294,-0.112480402412772,0.339147968510855,-0.223944091205808,0.308325430913947,0.850004798201765,0.628118440864555,0.595322865822824,0.22171906524875,-0.316243050380649,191.706949445021,102.976332223929,262.014814004556,0.272208906386309
B0_3,2e-06,252.245411652684,258.045999615548,253.883478945382,160.545337269682,159.034316830425,161.014148945478,140.957916284225,138.931768532251,140.46494420815,-0.184715791942757,-0.897061526617273,0.178227449191547,-0.112491906646134,0.339151815294699,-0.223937595634638,0.308325848187791,0.850005809403237,0.628119291699993,0.595323113198276,0.221720724037766,-0.316245634725478,191.706944033865,102.976331616127,262.014811569793,0.272208902073375
B0_3,4e-06,252.24533615744,258.045969280435,253.883438433308,160.545291626717,159.034260735843,161.014097965735,140.9579119337,138.931760463248,140.464949504764,-0.184718256629419,-0.897053763714836,0.178230031786698,-0.112513747296089,0.339155011503988,-0.22392755016745,0.308322702155135,0.850005251355126,0.628119055983015,0.595324137075437,0.221726297456115,-0.316248512699956,191.706893836419,102.976330616535,262.014798993913,0.272208853360722
B0_3,6e-06,252.245313945579,258.045980617165,253.883389941898,160.545277444619,159.03423460209,161.01407840233,140.957914722982,138.931756957418,140.464950471825,-0.184721464885083,-0.89704870736718,0.178232627310552,-0.112526078252429,0.339156376767531,-0.223924272742682,0.308325254173743,0.850004108852946,0.628120923891994,0.595324069312161,0.221731050046022,-0.316249783470348,191.706873933636,102.976330700819,262.014795044873,0.27220883314494
B0_3,8e-06,252.245300420846,258.045984233441,253.883366989089,160.545265084555,159.034219892862,161.014067155793,140.957915117693,138.931753384624,140.464945350807,-0.184723075583884,-0.897046445344287,0.178238999190645,-0.11253773357585,0.339156337680056,-0.223923736113209,0.308321754608424,0.850004145646944,0.628122841580241,0.595323475225127,0.221731805030956,-0.316252781853521,191.706861767755,102.976329404636,262.014789722591,0.272208823316219
B0_4,1e-06,258.485569972499,255.76004949855,253.69706323708,161.00910916592,161.216717541286,159.226116192921,139.140559547451,141.13377534805,140.90869522948,-0.00455033525988755,0.800200470092173,-0.785299292094035,0.707692347988346,-1.21544497644153,-0.135321893190652,0.322451332537675,-0.0591520959441901,0.84241831837986,0.85887089705068,-1.28810919790768,-0.164996191527855,192.31628538982,103.335988678863,262.917427549205,0.272148410783935
B0_4,2e-06,258.485599550425,255.760085757834,253.69706203409,161.009117525871,161.216722950962,159.226119981406,139.140562870901,141.133780057999,140.908702815845,-0.0045488545640575,0.80019365752687,-0.78530017038594,0.707693264928612,-1.21544282006998,-0.135331871805166,0.322452317759635,-0.0591556113990375,0.842418001201114,0.858871005149808,-1.28810652021745,-0.164995938738155,192.316296473203,103.335994941223,262.917443363857,0.272148410209834
B0_4,4e-06,258.48560807932,255.760225725414,253.697073102917,161.009124556058,161.216727496281,159.226126264018,139.140572618638,141.133789845,140.908709762215,-0.0045478510545603,0.800182564787874,-0.785303412322293,0.707680532941285,-1.21544112214151,-0.135353546147808,0.322452181709622,-0.059156600981005,0.84241857288834,0.858869593663058,-1.28810319397812,-0.164993876161824,192.316318171152,103.33600968459,262.917479683235,0.272148404441642
B0_4,6e-06,258.485652438032,255.76030363986,253.697074230171,161.009137552062,161.216737209848,159.22613152872,139.140576580925,141.13379769285,140.908715366144,-0.0045462770561378,0.800183709591574,-0.785300763901692,0.707663890091212,-1.2154392726487,-0.135360460910119,0.322447611270389,-0.0591501415258597,0.842417665463409,0.858871505654219,-1.28810056782862,-0.164992509050538,192.316338098814,103.336019529146,262.917505064255,0.272148406055543
B0_4,8e-06,258.485673230065,255.760343821093,253.697038233647,161.00913221897,161.216727103652,159.226123858274,139.140579344112,141.133800310956,140.908723649108,-0.00454687999037325,0.800183692657791,-0.785297054823946,0.707658021196516,-1.21543728533111,-0.135366966412966,0.322448691008697,-0.0591446598998532,0.842416464085823,0.858872367146899,-1.28809987701033,-0.164993299637283,192.316335738511,103.336025467763,262.917517388541,0.272148392578547
B0_5,1e-06,253.675715422801,255.498623636889,257.202159431765,159.819311683546,160.150688110799,160.163352445785,140.0317976379,140.039484587504,139.707855747946,0.892190899801102,-2.06538679510518,1.90508517626544,0.0504475810826826,-0.812311331597823,1.87021397995416,1.01571900131852,-0.804799625944957,0.875008617341205,0.847558241675016,-0.885227453073868,0.824501637347907,191.849244774635,103.038704011425,262.17894710773,0.272235271314454
B0_5,2e-06,253.675731974399,255.498594123875,257.20211805369,159.81931409444,160.150693711216,160.163344508582,140.03179649345,140.03948809175,139.707862226049,0.89219188462429,-2.06539197693857,1.90508484881463,0.0504439430889173,-0.812317313396348,1.87021430368931,1.01572512146977,-0.8047960255404,0.875010489103532,0.84755864219943,-0.885230705348762,0.824502694524657,191.849238753382,103.038702151431,262.178941844205,0.272235268738603
B0_5,4e-06,253.675823788244,255.498562542334,257.202123158193,159.819302649815,160.150685268126,160.163310510802,140.031779760937,140.039483699912,139.707854439561,0.892191953288763,-2.06538511596947,1.90509826443538,0.0504261664628048,-0.812323443520659,1.87021461213025,1.01571257363268,-0.804765893276804,0.875012297918907,0.847562358375242,-0.885239964587468,0.824501234093589,191.849234038473,103.038704317417,262.178945540265,0.272235259930125
B0_5,6e-06,253.675873456934,255.49855085799,257.202087093594,159.819295440559,160.150671874748,160.163286115775,140.03175949325,140.039485002859,139.7078555642,0.892193079357915,-2.06537106808456,1.90510825147115,0.0504260846688551,-0.812325970135604,1.87021493022116,1.01571782015507,-0.804735465584743,0.875013230095231,0.847564649133405,-0.885243931983126,0.824500894970963,191.849224252298,103.038703877224,262.178942559579,0.272235250901344
B0_5,8e-06,253.675911751688,255.498586134428,257.202067318992,159.81931289535,160.150683247567,160.163293453663,140.031746306168,140.039488585344,139.707857435593,0.89219406714874,-2.06536633455607,1.9051134306256,0.0504244731199377,-0.812326786218156,1.87021563360226,1.01572046640063,-0.80471094212777,0.875013591410671,0.847565967368521,-0.885245239384244,0.824501409159238,191.849238266474,103.038703505989,262.178944666454,0.272235265708749
B0_6,1e-06,253.550909186983,260.371290215012,255.227010612482,161.168866264807,160.140934763415,160.835430661622,140.762135255505,140.079530288949,141.082064543003,0.2214642967464,-0.399485270945187,1.37246929540261,-0.115254877713445,1.06437439653206,0.287525308665328,-0.26957906011569,1.09451435468591,0.199924958630243,0.239710985900388,1.0006369098761,0.34213167127177,192.604408154907,103.518344572467,263.370748635027,0.272096987846713
B0_6,2e-06,253.55087827636,260.37126289317,255.226931970926,161.168843592721,160.140905387493,160.835405239456,140.762143556799,140.079530821501,141.082073977754,0.22146817379794,-0.39947917706965,1.3724593629647,-0.11525674672164,1.06437178952687,0.287517013860377,-0.269577318201343,1.09452316492777,0.199919186177735,0.23970627131149,1.00063210490049,0.342137148099655,192.604375731089,103.51834426593,263.370741237285,0.272096955882077
B0_6,4e-06,253.550837732788,260.371204366984,255.226856892629,161.168804239842,160.140850481636,160.835360306592,140.762142429837,140.079523866551,141.082086871376,0.221474288216804,-0.399472531314302,1.37244423543611,-0.115255294675441,1.06436792317403,0.287506202955855,-0.269573382783427,1.09452587807978,0.199913169237143,0.239698507393627,1.00063095598771,0.342144749313178,192.604325449838,103.518342897841,263.370727839046,0.272096907979672
B0_6,6e-06,253.550800222155,260.371167350425,255.226796512984,161.168768602176,160.140804906592,160.835317369468,140.762139793842,140.079519364908,141.082091127,0.22147850462062,-0.399464333392516,1.37243660248197,-0.115249749611864,1.06436630186148,0.287500010515773,-0.269567975246157,1.09452528635591,0.199907981965034,0.239694238762902,1.00062947181291,0.342149067649681,192.604282871338,103.518341604305,263.37071620198,0.272096867667688
B0_6,8e-06,253.550765218904,260.371046259013,255.226754049633,161.168736801409,160.140764753581,160.835274075606,140.762134041888,140.079512698356,141.082092274689,0.221480726490912,-0.399458432331697,1.37243971700887,-0.115231267479124,1.06436478567037,0.287501864225612,-0.269557408183118,1.09452888297092,0.19990370786811,0.23969174125611,1.00062711102247,0.34215049598778,192.604235198749,103.518333796117,263.37068945029,0.272096834407166
B0_7,1e-06,254.992855179779,256.164195567584,256.693778281911,160.864437941774,160.494109343554,160.32517474684,140.2718435038,140.420909703198,140.788076629701,0.88475517349815,-1.50643274371967,0.602170813225337,0.381555703291325,0.465352542402375,-0.292573069399467,0.702188946664025,-0.53415387111156,-0.216952788647145,-0.18057189297593,0.35699526214898,0.821475862377953,192.35758589929,103.37397310048,263.007966815956,0.272118885090695
B0_7,2e-06,254.992908327054,256.164216149684,256.693789305265,160.86445881573,160.49412651224,160.325187767092,140.27184039605,140.420910712749,140.788078152201,0.884758123062879,-1.50642308903995,0.602174350697833,0.38156615242596,0.465353384881423,-0.292565434679458,0.702195339094215,-0.534141379782253,-0.216951070271842,-0.180570213836973,0.356996082587103,0.821479269337998,192.35760666357,103.37397523133,263.007975726863,0.272118901968821
B0_7,4e-06,254.992998763819,256.164278665936,256.693842166924,160.864510172124,160.494171716987,160.325239025295,140.27185150705,140.420914461938,140.788091050663,0.884759955570062,-1.50641770377368,0.6021760191924,0.381569829376482,0.465354714891782,-0.292561783141005,0.702198780779812,-0.534138982166187,-0.216954153902955,-0.18057175482511,0.35699555276878,0.821481835124871,192.35766238061,103.373984649415,263.008007621906,0.272118940340154
B0_7,6e-06,254.992963329305,256.164253691303,256.693703396789,160.864469356942,160.494131979878,160.325207112246,140.271861028293,140.420928646092,140.788098313733,0.884761570849419,-1.50641852401403,0.602177781722616,0.381571716612905,0.46535397522529,-0.292558864917759,0.702201197506003,-0.534121688972245,-0.216958383796693,-0.18057720340418,0.356996254875005,0.82148024888748,192.357615257281,103.373985062179,263.007998724115,0.27211889222379
B0_7,8e-06,254.99293869954,256.164235622687,256.693622958148,160.864438816561,160.494105996997,160.325179140925,140.271865494862,140.420941747361,140.78810104525,0.884762729514942,-1.50642522159721,0.602181293343139,0.381572481508897,0.465352818163762,-0.292551726310956,0.702200966109318,-0.534115583727333,-0.216961409004523,-0.180581143531457,0.356996236309293,0.82147843122513,192.357582798816,103.373986545887,263.007995183288,0.272118856838998
B0_8,1e-06,258.114984069626,251.974953546666,254.555119081629,160.30951912045,161.278948917986,159.760995908872,139.628921019505,141.119594739502,140.159074389705,0.0617725105809224,0.168995446751797,1.57641473479267,1.50764218088633,0.349473058717112,1.49980664285598,-0.161346048752518,0.118620766530623,-0.0505272547640645,-0.034120436274065,0.318714304397718,0.331712950561424,191.927109399171,103.067890879784,262.258092537576,0.272258946500943
B0_8,2e-06,258.1150009071,251.974919914339,254.555090077818,160.309511454394,161.278950651139,159.760991007696,139.628915963499,141.119596792775,140.159069263938,0.061771445779973,0.168993171441794,1.57641179826653,1.50763872650012,0.349475143670773,1.49979681519702,-0.161347301287192,0.118617513206239,-0.05052705301957,-0.034120917960934,0.31871582452112,0.331710579333586,191.927101902857,103.067886923111,262.258082443107,0.27225894637169
B0_8,4e-06,258.115025857372,251.974916674068,254.55507432105,160.309524017735,161.278962694341,159.761005784146,139.628912386374,141.119590475725,140.159062210552,0.0617706349394475,0.168987429476386,1.57641661074365,1.5076316285974,0.349478137766806,1.49979193876871,-0.161347461019948,0.118610216714094,-0.0505273105692383,-0.0341213080442775,0.318718398105844,0.331709619403141,191.927111316104,103.067881304948,262.258072270951,0.272258966374817
B0_8,6e-06,258.11497974164,251.97489630788,254.555030716441,160.309492310389,161.278929988417,159.760977879276,139.628912274999,141.119587665483,140.159056105068,0.061770441036651,0.168985947557665,1.57641053701132,1.50762413861858,0.349482282184991,1.49978273305202,-0.161348464051862,0.118608721118361,-0.0505263252383001,-0.034119403679256,0.318721199380436,0.331709196327463,191.927078569125,103.067878314969,262.258059024189,0.272258939020483
B0_8,8e-06,258.114949885344,251.974890091593,254.555034970151,160.309478930543,161.278914603809,159.760961050225,139.628912043437,141.119589438406,140.159058263128,0.0617705960756335,0.168991210247231,1.57640056333795,1.50761831861091,0.349487092832007,1.49977036364015,-0.161345946548963,0.118610334466034,-0.0505251425297761,-0.0341189557598652,0.318724696091576,0.331708825217536,191.927064901805,103.067879973161,262.258059767407,0.272258922157413
B0_9,1e-06,257.996251796961,257.151788040301,256.321584400149,161.918123946948,159.569442458238,160.725205702956,140.466695631651,139.31168713395,141.6520028876,-0.286880075890885,-0.0744032907309845,0.747619251462838,-0.542401518651956,0.0852650634427138,1.87640166001795,-0.877879978574563,-0.202762835639932,-0.0476649067873023,0.0041170417993901,0.1142184468506,-0.363341177076392,192.877240939299,103.569867272592,263.538571013936,0.272274349451045
B0_9,2e-06,257.996282004479,257.151797142258,256.321581326086,161.918126648219,159.569446950893,160.725209305842,140.466699105724,139.311687477725,141.652003426148,-0.286877725658002,-0.0744061973096734,0.747609946753802,-0.542399396482479,0.0852616963973295,1.87639180595874,-0.877879966669528,-0.202763937819099,-0.0476689479370299,0.00411421038748641,0.11421482420104,-0.363341346750444,192.877247364748,103.569869839778,263.538577887415,0.272274351097998
B0_9,4e-06,257.996276705568,257.15177611157,256.321524991996,161.91809234857,159.569410973787,160.725185699195,140.466711470612,139.311687781237,141.652002419076,-0.286875234259003,-0.0743981866644731,0.747601309608045,-0.542393722626518,0.0852573262508453,1.87637927970653,-0.877874994437108,-0.202757628961671,-0.0476724344119301,0.0041088973627989,0.114211910162255,-0.363338971656368,192.877217316915,103.569872920024,263.538578302334,0.272274315262685
B0_9,6e-06,257.996255684151,257.151772731711,256.321509193573,161.918065400093,159.569382663467,160.725183095996,140.466732612168,139.311686332109,141.651999746383,-0.286872436980125,-0.0743893878061915,0.747594213056919,-0.542397440672807,0.0852571141682107,1.87636811381788,-0.877881825672721,-0.202747434825818,-0.0476722069847462,0.00410581306672008,0.114208892558547,-0.363335592491746,192.877199992061,103.569877501457,263.538584596379,0.272274289368895
B0_9,8e-06,257.996220643061,257.151774234915,256.321469409255,161.918037884703,159.569346060887,160.725165464307,140.466746837844,139.31168219865,141.652005061263,-0.286872093805909,-0.0743802568431376,0.747587834262085,-0.542398930967846,0.0852563436249102,1.87636038470499,-0.87788953081687,-0.20274043094263,-0.047672240512231,0.00410486666249108,0.114207550190493,-0.363333222753148,192.877173678559,103.569881144707,263.538587001028,0.272274256223264
